Post Title,Scheduled Date,Post Caption,Image File,Platform,Status
"5 tareas que tu agente IA hace mientras dormís","2026-03-10 10:00","🌙 Mientras vos dormís, tu agente IA trabaja.

5 tareas que nunca más vas a tener que hacer:

💌 FOLLOW-UP AUTOMÁTICO
→ Responde leads en menos de 30 segundos
→ Nurturing personalizado según comportamiento
→ Nunca más un prospect ""frío"" por falta de seguimiento

📊 LEAD SCORING INTELIGENTE  
→ Analiza 200+ data points por lead
→ Prioriza automáticamente tu pipeline
→ Te dice exactamente cuándo contactar

📅 CALENDAR MANAGEMENT
→ Agenda reuniones según tu disponibilidad
→ Confirma, reagenda y optimiza tu tiempo
→ Prep automático antes de cada meeting

📈 REPORTES EN TIEMPO REAL
→ Métricas actualizadas 24/7
→ Alertas cuando algo requiere atención  
→ Insights para tomar mejores decisiones

🔍 COMPETITOR TRACKING
→ Monitorea precios, productos, estrategias
→ Alertas cuando cambia el mercado
→ Te mantiene siempre un paso adelante

¿Tu competencia ya duerme tranquila sabiendo que su agente trabaja?

👇 Comentá ""DEMO"" y te mostramos cómo funciona

#AgentesIA #Automatización #ProductividadEmpresarial #TheAgents #IAArgentina","2026-03-08-theagents-post1-5tareas.png","Instagram","Scheduled"
"¿Cuánto cuesta NO tener un agente IA?","2026-03-12 10:00","💸 El costo oculto que nadie calcula

EMPRESA SIN AGENTE IA:
❌ 47% de leads sin follow-up (fuente: HubSpot)
❌ 15 horas/semana en tareas repetitivas  
❌ Respuesta promedio: 24 horas
❌ Conversión: 2.3%
❌ Errores humanos: 8% de los procesos

EMPRESA CON AGENTE IA:
✅ 100% de leads con seguimiento automático
✅ 15 horas/semana libres para estrategia
✅ Respuesta promedio: 30 segundos  
✅ Conversión: 8.7% 
✅ Errores: 0.02%

💰 ROI REAL de no actuar:
• Lead perdido promedio: $2,500
• 47% sin seguimiento = $82,250/mes perdidos
• Costo oportunidad anual: $987,000

🔥 Costo de nuestro agente: $6,000/mes
💵 Retorno promedio: $25,000/mes adicional

La pregunta no es si podés permitirte un agente IA.
La pregunta es: ¿podés permitirte NO tenerlo?

📊 ¿Calculamos tu ROI específico?
Link en bio para assessment gratuito.

#ROI #AgentesIA #CostosOcultos #TheAgents #Automatización","2026-03-08-theagents-post2-costo.png","Instagram","Scheduled"
"Agente IA vs Empleado: batalla de productividad","2026-03-14 10:00","🥊 ROUND 1: Agente IA vs Empleado Tradicional

👤 EMPLEADO TRADICIONAL:
⏰ Horario: 8 horas/día  
💰 Costo anual: $60,000 + beneficios
🏖️ Vacaciones: 20 días/año
😴 Sick days: 5-8 días/año
🧠 Capacidad: 1x velocidad humana
📚 Training: 3-6 meses onboarding
⚡ Multitasking: 3-4 tareas máximo

🤖 AGENTE IA:
⏰ Horario: 24/7/365 sin parar
💰 Costo anual: $72,000 total
🏖️ Vacaciones: 0 días (obvio)  
😴 Downtime: 0.01% (mantenimiento)
🧠 Capacidad: 1000x velocidad humana
📚 Training: Deploy en 48 horas
⚡ Multitasking: Infinitas tareas simultáneas

🏆 WINNER: ¿Necesitás que te lo digamos?

No es reemplazar personas.
Es liberar talento humano para cosas que SÍ importan:
• Estrategia
• Creatividad  
• Relaciones
• Innovación

¿Tu equipo está listo para this level up?

💬 Comentá ""LEVEL"" para ver cómo transformamos equipos

#ProductividadIA #TransformaciónDigital #TheAgents #FuturoDelTrabajo","2026-03-08-theagents-post3-vs-empleado.png","Instagram","Scheduled"
"Los 3 errores que cometen las empresas con IA","2026-03-17 10:00","⚠️ 3 errores que arruinan tu implementación de IA

ERROR #1: ""Compramos IA y ya""
❌ Implementar herramientas sin estrategia
❌ No definir objetivos claros
❌ Esperar magia automática

✅ LO CORRECTO:
→ Audit completo de procesos actuales
→ KPIs específicos antes del deploy
→ Roadmap de 90 días con milestones

ERROR #2: ""El equipo se adapta solo""  
❌ Zero training al equipo
❌ Resistencia al cambio sin gestionar
❌ Expectativas irreales de adopción

✅ LO CORRECTO:
→ Change management desde día 1
→ Training hands-on de 2 semanas
→ Champions internos que evangelicen

ERROR #3: ""Una vez y para siempre""
❌ Deploy and forget mentality
❌ No optimizar basado en datos
❌ No escalar conforme crece la empresa

✅ LO CORRECTO:
→ Monitoreo continuo de performance
→ A/B testing de diferentes approaches
→ Iteración mensual basada en feedback

🎯 RESULTADO: 89% de nuestros clientes ve ROI positivo en 45 días

¿Cometiste alguno de estos errores?
No pasa nada, son reversibles 💪

📞 ¿Auditamos tu implementación actual?
DM ""AUDIT"" para assessment gratuito.

#ErroresIA #ImplementaciónIA #TheAgents #TransformaciónDigital","2026-03-08-theagents-post4-3errores.png","Instagram","Scheduled"
"¿Tu competencia ya tiene agentes IA?","2026-03-19 10:00","🕵️ INTEL: Tu competencia ya se movió

DATOS QUE TE VAN A IMPACTAR:

📊 67% de empresas B2B ya implementaron algún tipo de automatización IA (McKinsey 2026)

🏃‍♂️ Early adopters reportan:
• 23% más velocidad en sales cycles
• 31% mejor conversión de leads  
• 45% reducción en customer acquisition cost
• 89% de su equipo ""no volvería atrás""

🎯 INDUSTRIAS QUE MÁS ADOPTAN:
1. SaaS: 78% ya tiene agentes
2. E-commerce: 71% automatización avanzada  
3. Real Estate: 64% lead nurturing IA
4. Marketing Agencies: 61% client management IA
5. Consultoras: 58% proposal automation

⚡ LO QUE ESTÁ PASANDO AHORA:
→ Mientras leés esto, un agente IA está:
   • Respondiendo a TU prospect
   • Optimizando precios vs tu competencia
   • Automatizando procesos que vos haces manual
   • Escalando sin contratar más gente

🔥 PREGUNTA CRUCIAL:
¿Vas a liderar la transformación o vas a reaccionar cuando sea tarde?

💀 First-mover advantage se termina en 2026.

¿Tu estrategia IA está lista?

⚡ Comentá ""READY"" si querés estar en el 33% que lidera.

#CompetenciaIA #FirstMoverAdvantage #TheAgents #TransformaciónDigital #Liderazgo","2026-03-08-theagents-post5-competencia.png","Instagram","Scheduled"